Class_Name,Class_keywords,Class_description
新闻中心,,
企业信息,,
研究团队,,
公司介绍,,
最新资讯,,
|私募机构信息|,,
中国大陆A股实盘账户,实盘账户--最牛私募情报 -股市内幕消息- 涨停敢死队建仓 对倒 出逃信息-  基金调研 建仓,实盘账户 上市公司重组 资产注入 预增预盈 大单合同 投资项目 高送转信息
中国大陆期货实盘账户,私募情报 -股市内幕消息- 涨停敢死队建仓 对倒 出逃信息-  基金调研 建仓 拉高消息 -上市公司重组 资产注入 预增预盈 大单合同 投资项目 高送转信息-管理层意图-机构席位操作信息,私募情报网提供股市内幕消息 私募基金内幕情报 涨停敢死队建仓消息 涨停敢死队对倒消息 涨停敢死队出逃消息 提前公布上市公司重大重组 资产注入 预增预盈 大单合同 投资项目 高送转信息 提前公布游资热炒板块信息 提前公布重大管理层重大政策 提前公布基金券商私募机构席位买卖信息
全球期货实盘账户,私募-涨停敢死队-基金-券商-机构-内幕消息-操盘-庄家-拉升-建仓-对倒-出逃-题材-板块-上市公司,私募情报网提供股市内幕消息 私募基金内幕情报 涨停敢死队建仓消息 涨停敢死队对倒消息 涨停敢死队出逃消息 提前公布上市公司重大重组 资产注入 预增预盈 大单合同 投资项目 高送转信息 提前公布游资热炒板块信息 提前公布重大管理层重大政策 提前公布基金券商私募机构席位买卖信息
全球股票实盘账户,私募-涨停敢死队-基金-券商-机构-内幕消息-操盘-庄家-拉升-建仓-对倒-出逃-题材-板块-上市公司,私募情报网提供股市内幕消息 私募基金内幕情报 涨停敢死队建仓消息 涨停敢死队对倒消息 涨停敢死队出逃消息 提前公布上市公司重大重组 资产注入 预增预盈 大单合同 投资项目 高送转信息 提前公布游资热炒板块信息 提前公布重大管理层重大政策 提前公布基金券商私募机构席位买卖信息
|游资机构信息|,,
1亿人民币以上实盘账户,私募-涨停敢死队-基金-券商-机构-内幕消息-操盘-庄家-拉升-建仓-对倒-出逃-题材-板块-上市公司,私募情报网提供股市内幕消息 私募基金内幕情报 涨停敢死队建仓消息 涨停敢死队对倒消息 涨停敢死队出逃消息 提前公布上市公司重大重组 资产注入 预增预盈 大单合同 投资项目 高送转信息 提前公布游资热炒板块信息 提前公布重大管理层重大政策 提前公布基金券商私募机构席位买卖信息
1亿人民币以下实盘账户,私募情报 -股市内幕消息- 涨停敢死队建仓 对倒 出逃信息-  基金调研 建仓 拉高消息 -上市公司重组 资产注入 预增预盈 大单合同 投资项目 高送转信息-管理层意图-机构席位操作信息,私募情报网提供股市内幕消息 私募基金内幕情报 涨停敢死队建仓消息 涨停敢死队对倒消息 涨停敢死队出逃消息 提前公布上市公司重大重组 资产注入 预增预盈 大单合同 投资项目 高送转信息 提前公布游资热炒板块信息 提前公布重大管理层重大政策 提前公布基金券商私募机构席位买卖信息
|国家队机构信息|,,
中国大陆地区私募基金,私募-涨停敢死队-基金-券商-机构-内幕消息-操盘-庄家-拉升-建仓-对倒-出逃-题材-板块-上市公司,私募情报网提供股市内幕消息 私募基金内幕情报 涨停敢死队建仓消息 涨停敢死队对倒消息 涨停敢死队出逃消息 提前公布上市公司重大重组 资产注入 预增预盈 大单合同 投资项目 高送转信息 提前公布游资热炒板块信息 提前公布重大管理层重大政策 提前公布基金券商私募机构席位买卖信息
全球私募基金,,
|自营操盘团队信息|,,
雇佣专属至尊VIP操盘团队,私募-涨停敢死队-基金-券商-机构-内幕消息-操盘-庄家-拉升-建仓-对倒-出逃-题材-板块-上市公司,私募情报网提供股市内幕消息 私募基金内幕情报 涨停敢死队建仓消息 涨停敢死队对倒消息 涨停敢死队出逃消息 提前公布上市公司重大重组 资产注入 预增预盈 大单合同 投资项目 高送转信息 提前公布游资热炒板块信息 提前公布重大管理层重大政策 提前公布基金券商私募机构席位买卖信息
雇佣专属私人操盘手,私募-涨停敢死队-基金-券商-机构-内幕消息-操盘-庄家-拉升-建仓-对倒-出逃-题材-板块-上市公司,私募情报网提供股市内幕消息 私募基金内幕情报 涨停敢死队建仓消息 涨停敢死队对倒消息 涨停敢死队出逃消息 提前公布上市公司重大重组 资产注入 预增预盈 大单合同 投资项目 高送转信息 提前公布游资热炒板块信息 提前公布重大管理层重大政策 提前公布基金券商私募机构席位买卖信息
服务列表,,
公司地图,,
广告服务,,
产品与服务,,
合作伙伴,,
法律声明,,
人员招聘,,
联系我们,,
